article_id,title,summary,topic,label_openai,label_claude,final_label,reviewed,reviewer,review_notes
6,"김문수 ""깊이 반성하며 당 혁신 이준석 찍으면 이재명만 도와줘""","김문수 대선 후보는 대선을 하루 앞둔 2일 부산역 유세에 앞서 긴급 입장문 발표를 통해 ""있어서는 안 될 비상계엄에 대해 다시 한번 사과드린다""며 ""저와 국민의힘은 새로운 각오와 자세로 당내 민주주의, 당과 대통령의 수평적 관계, 대통령의 당무 불개입, 당과 정부의 건강한 관계 등 과감한 당 혁신을 추진하겠다""고 말했다. 




















































































","이재명  강북구 유세서 '정권교체' 호소...""저 이재명에 투표해달라""",0,2,,False,,
208,"尹 정부 삭감한 광복회 예산 李 대통령, '빠른 원상복구' 당부","이재명 대통령은 6일 오전 서울 동작구 국립서울현충원에서 현충일 추념식을 마친 뒤 퇴장하는 과정에서 참석자가 삭감된 광복회 예산에 대해 안타까움을 토로하자 윤석열 정부가 삭감한 광복회 예산을 빠르게 원상 복구하라고 지시하였다. 
























",이재명 대통령  윤석열 정부 삭감한 광복회 예산 원상 복구 지시,0,2,,False,,
285,"李대통령 ""속도감 있게 추경 편성 취약계층 소상공인 지원 우선""","9일 서울 용산 대통령실에서 열린 2차 비상경제점검 태스크포스(TF) 회의에서 이재명 대통령은 민생 안정을 위한 재정 역할 강화가 필요하다는 공감대 속에 건설투자 및 소비 부진을 보완할 수 있는 사업들을 점검하고 각 부처의 의견과 대안을 듣고 조율하는 중요한 자리였다며 추경(추가경정예산)을 편성하라고 지시했다. 










































































































































이태원 참사가 발생한지 무려 2년 7개월 만에 피해자 지원이 본격화된 셈이다.",대통령 속도감 추경 편성 소상공인 지시 우선 ,0,2,,False,,
350,"李대통령 ""많은 분들이 아쉬움 표현  가성비 높은 시계 제작 지시""","이재명 대통령은 11일 페이스북에 대통령 시계가 비용 대비 효과가 가장 뛰어나다는 의견에 따라 가성비 높은 대통령 시계 제작을 지시했다고 밝혔다. 

이재명 정부에서는 역대 정부와 달리 대통령 시계를 제작하지 않을 것이라는 추측 보도가 나오자 직접 이를 바로 잡은 오스트
이 대통령은 ""얼마 전 민주당 지도부와의 만찬 자리에서 자연스레 시계 선물에 관한 이야기가 나왔고, '꼭 필요할까요'라는 취지의 말씀을 드렸다""고 설명했다. 

이 대통령은 ""많은 분들이 아쉬움을 표하며 대통령 선물 중 시계가 비용 대비 효과가 가장 뛰어나다는 의견을 주셨다. 대한민국을 대표하는 상징성을 지닌 만큼 그에 걸맞게 정성껏 준비하겠다. 모두가 자랑스럽게 여기실 수 있는 선물이 되게끔 하겠다. 기대해주셔도 좋다. 기대해주셔도 좋다""고 기대감을 당부하였다. 




이 대통령은 최근 유튜브 채널에 출연해 지난 7일 한남동 관저에서 열린 여당 지도부 만찬 당시 이 대통령이 ""이재명 시계 없느냐""는 질문에 ""그런 것이 뭐가 필요하나""라고 답했다고 소개하자, 이를 근거로 이 대통령이 시계를 제작하지 않을 것이라는 일부 언론의 추측 보도가 나왔다.",이재명 대통령  가성비 높은 대통령 시계 제작 지시,0,2,,False,,
367,"박찬대 ""쓰지 않은 취약층 청년 예산 1조원""","더불어민주당 박찬대 당 대표 직무대행 겸 원내대표가 저소득층 에너지 복지 지원금, 기초연금 확대, 청년 진로 및 취업 지원 등과 관련된 사업 예산 중 불용된 규모가 1조 원에 달한다고 밝히며 민생 추경을 통해 국민의 삶에 온기를 불어넣고 국민이 체감할 수 있는 정책 마련에 총력을 기울이겠다고 말했다. 
























































","진성준 ""민생회복지원금  전 국민 대상 보편 지원이 가장 효과적""",0,2,,False,,
395,"김병기 '배수진' ""아들 국정원 채용에 문제 있다면 의원직 사퇴""","더불어민주당 원내대표 경선에 나선 김병기 의원은 아들의 국가정보원 채용 논란과 관련해 ""2014년 기무사 현역 장교였던 내 아들이 국정원 공채에서 서류전형·필기·신체검사·체력검정·면접을 모두 통과했지만 마지막 단계인 신원조사에서 탈락했다""며 ""2017년에는 신원조사를 통과해 우수한 성적으로 합격했으나 2017년에는 신원조사를 통과해 우수한 성적으로 합격했다""라고 주장했다. 











































 그녀는 2016년 이헌수 기조실장과 통화하기 전 신원조사를 담당하는 감찰실에 근무했던 전직 간부를 통해 아들이 2014년도 신원조사에서도 합격했었으나 김병기를 증오한 일단의 세력들이 작당해 신원조사 합격을 번복하고 탈락시킨 사실을 알았다고 주장했다.",김병기 “아들 국정원  부정있었다면 의원직 사퇴하겠다”,0,2,,False,,
478,민주당 원내대표에 친명 3선 김병기 의원,"더불어민주당 새 원내대표로 친명(친이재명)계 3선인 김병기 의원이 13일 선출되었는데, 김병기 신임 원내대표는 이재명 정부의 개혁 동력을 뒷받침하기 위한 여당과 정부, 대통령실 간 협력과 함께 여대야소 지형에서 야당과의 협치를 이끌어야 하는 중책을 맡게 되었다. 






















































이재명 대통령의 ‘블랙(요원)’ 또는 ‘최종 병기’를 기치로 내걸고 선출된 김 원내대표는 26년간 국가정보원에 근무해 ‘정보통’으로 불

지난 2016년 20대 총선 당시 서울 동작갑에서 국회에 입성했고, 같은 지역구에서 내리 3선을 거두
지난해 총선에서는 공천관리위원회 간사로 활동하며 당을 친명 체제로 재편하는 데 중추 역할을 해주는 등 강경하고 선명한 노선을 지향해 왔던 김 원내대표는 정견 발표에서 ""이번에 선출되는 원내대표는 개혁 동력이 가장 강한 1년 안에 내란 세력을 척결하고 검찰, 사법, 언론 등 산적한 개혁 과제를 신속하고 단호하게 처리해야",민주당 새 원내대표에 3선 김병기,0,2,,False,,
696,"송언석 ""이 대통령, 나토 회의 참석해 트럼프 회담 추진해야""","송언석 국민의힘 원내대표는 G7 정상회의에서 한미정상회담이 불발된 것에 대해 '이재명 대통령이 나토 회의 참석을 확정해 회담을 조속히 재추진해야 한다'고 강조하였다. 





































",野 “李대통령  나토 참석해 트럼프 만나라”,0,2,,False,,
891,"김병기 ""채상병 순직 사건 꼭 밝혀야 국가 정체성 문제""","김병기 더불어민주당 대표직무대행 겸 원내대표가 25일 대전현충원에서 채상병 묘역을 참배한 뒤 기자들과 만나 채상병 순직에 대한 은폐 및 수사 외압 의혹 사건에 대해 국가 정체성에 관한 문제라며 보훈 필요성의 증대를 언급했다. 


















































































그는 ""특별한 희생에는 특별한 보상이 따라야 한다고 이재명 대통령도 말씀했다""며 ""나는 이 말에 100% 동의하지만, 현실은 그렇지 못하다""고 아쉬워하였다.",김병기 “채해병 사건 꼭 밝히겠다…국가 정체성 문제”,0,2,,False,,
1042,"尹정부땐 반대, 李정부선 찬성 송미령 “양곡법 재추진 여건 마련돼”","송미령 농림축산식품부 장관은 30일 국회 예산결산특별위원회 종합정책질의에서 '사전 수급 조절을 전제로 한 양곡관리법을 할 수 있는 여건이 됐다'고 밝혔다. 





































































































",논란 유임 송미령 “尹정부 때와 근본적으로 달라”,0,2,,False,,
1306,"안철수 “김문수·한동훈, 저울질 그만… 전당대회 나와야”","국민의힘 전당대회에 출마한 안철수 의원이 페이스북에 김문수 전 고용노동부 장관과 한동훈 전 대표의 동반 출마를 밝히면서 당원과 국민의 피로도도 점증하고 있어 두 분 모두 과감하게 전당대회 출마 선언을 하시고, 당의 혁신에 대해 함께 이야기하자”고 했다. 







































































































","안 의원, 김문수·한동훈 동반 출마 제안",0,2,,False,,
1400,"김동연, 尹 재구속에 “내란 수괴, 다신 거리 활보 못할 것”","김동연 경기도지사는 10일 윤석열 전 대통령이 재구속되자 SNS를 통해 ""탄핵과 국민주권정부의 탄생, 내란 수괴 재구속까지 국제사회는 대한민국의 회복력에 찬사를 보내고 있다""며 ""새 정부의 추경은 민생경제를 회복하는 마중물이 될 것이며 새 정부와 발맞춰 국민 개개인의 일상을 회복하는 데 총력을 다할 것""이라고 밝혔다. 



















그러면서 이재명 정부에 대한 기대감도 높아지고 있다.































그러면서 이재명 정부에 대한 기대감도 커지고
































































































































한편 이날 앞서 서울중앙지법 남세진 영장전담 부장판사는 직권남용 권리행사방해 등 혐의로",윤석열 전 대통령 재구속에 대한 여야 반응,0,2,,False,,
1581,"정청래, '갑질 의혹' 강선우 향해…""따뜻한 엄마, 훌륭한 국회의원""","더불어민주당 당대표 선거에 출마한 정청래 의원이 15일 자신의 페이스북 계정을 통해 강선우 여성가족부 장관 후보자를 격려하였으며 강 후보자는 국회의원 재직 당시 보좌진에게 자택 쓰레기 처리, 비데 수리 등 사적 지시를 해 직장 내 괴롭힘 논란에 휘말렸다고 증언하였다. 



































































 2018년 국회의원 재직 당시 보좌진에게 자택 쓰레기 처리, 비데 수리 등 사적 지시를 해 직장 내 괴롭힘 논란에 휘말렸고 일부 보좌진들은 ""집사처럼 일했다""고 증언하였다.","정청래 의원, 강선우 후보 응원",0,2,,False,,
1701,특검 압수수색에... 권성동 “어이없다” 이철규 “무자비하다”,"국민의힘 비상대책위원장 겸 원내대표는 국회에서 열린 원내대책회의에서 권성동·이철규 의원에 대한 압수수색에 대해 엄연한 청문회 무력화 시도이며 노골적인 야당 탄압이라며 강하게 반발하였다. 



































































































































































































































































","김건희 특검, 국정원 압수수색 실시",0,2,,False,,
1754,"李, 이진숙 지명철회에‥3대 교원단체 “‘환영’ 도덕·전문성 갖춰야”","3대 교원단체인 한국교원단체총연합회(교총)와 전국교직원노동조합(전교조), 교사노동조합연맹(교사노조)이 이진숙 교육부 장관 후보자의 지명 철회에 대해 국민 눈높이에 맞지 않는 부실 인사 검증을 인정하고, 교육계의 요구를 수용한 당연한 결정이라며 환영의 뜻을 밝혔다. 

























































































","교육부, 의대 교육 정상화 방안 준비 중",0,2,,False,,
1766,"정통보수 가치 재건하겠다…조경태, 당대표 출마 선언","국민의힘 최다선인 6선의 조경태 의원은 21일 국회에서 기자회견을 열고 과감한 인적 청산만이 국민의힘이 다시 사는 길이라며 당과 보수진영을 위기에 빠뜨리고 여전히 기득권을 움켜쥐고 있는 구태 세력들을 읍참마속 하지 않으면 우리 당과 보수의 미래는 없다고 말하며 국민이 참여하는 '인적쇄신위원회'를 상설기구로 구성하겠다고 약속하며 강도 높은 인적 쇄신을 약속했다. 



























 2018년 윤석열 전 대통령 체포를 저지하고자 한남동 관저 앞에 집결했던 국민의힘 의원 45명을 겨냥한 '인적쇄신위원회'를 상설기구로 구성하겠다고 약속했다.","조경태·안철수 의원, 국민의힘 개혁 강조하며 당대표 출마",0,2,,False,,
1809,"이 대통령, 재난재해 상황서 음주가무 공직자, 엄벌 강조","이재명 대통령은 22일 제32회 국무회의에서 재난재해 상황에서 음주가무 등의 대책없는 행동을 하는 공직자에 대해 엄히 단속하겠다고 밝혔다. 

이 대통령은 재난재해 상황에서 음주가무 등의 대책없는 행동을 하는 공직자에 대해서는 모범사례를 발굴하라고 지시하였다. 



























































































































































그러면서 ""특별재난지역 선포 및 특별교부세 지급도 최대한 빨리 진행할 것""을 의미하는

이 대통령은 민생회복 소비쿠폰과 관련해 ""소비쿠폰을 지급하지 않을 때도 이런저런 핑계로 물가가 납득할 수 없을 정도로 자꾸 오르던데, 물가 관리에도 신속·엄정하게 임해달라""고 당부하였다.

















","이재명 대통령, 재난 시 음주가무 공직자 엄정 단속 지시",0,2,,False,,
1926,오세훈 “국힘 과감한 ‘파괴’ 필요…정권 실패 책임자 물러나야”,"오세훈 서울시장은 24일 페이스북에 새 당대표가 선출되는 전당대회를 두고 당 회생의 중대한 고비가 될 것이며 과거와 단절하고 미래로 가는 출발선이 되어야 한다는 내용의 글을 올렸다. 



























































































","오세훈 “당 쇄신은 국민 명령, 실패 책임자 물러나야”",0,2,,False,,
2046,'투기 자본 경영권 위협 우려'에도…與 '집중투표제 의무화' 상법 개정안 강행,"28일 국회 본청에서 열린 법사위 소위에서는 자산 2조원 이상 상장사에 대해 집중투표제를 의무화하고 감사위원 분리 선출을 확대하는 내용의 '더 센 상법 개정안'이 가결되었다. 



















































































반면에 외국계 자본이나 투기 자본 등이 기업 경영권을 위협할 우려가 있다며 반대의 목소리를 나타내는 '더 센 상법 개정안'이 여당 주도로 국회 법제사법위원회 법안심사소위원회 문턱을 넘쳣




































































































































","'더 세진' 상법개정안, 민주당 주도 법사위 소위 통과",0,2,,False,,
2248,"국민의힘, '독재 대응 특위' 발족 ""탄압 맞서 대여 투쟁""","국민의힘이 '3대 특검(내란·김건희·순직해병)' 수사에 대응하기 위해 '독재 대응 특별위원회'를 발족하고 필요할 경우 법 개정으로 수사 범위를 확대하고 기간도 연장한다는 방침이다. 









































































































",국민의힘  독재대응특위 발족…조배숙 위원장,0,2,,False,,
2265,"윤 측 ""더워서 잠시 수의 벗은 것...재발 시 법적조처""","윤석열 전 대통령 법률대리인단은 오늘 입장문을 내고 전직 대통령의 구체적인 속옷 차림까지 언급하는 특검팀과 정성호 법무부 장관에 대해 재발 시 합당한 법적 책임을 묻겠다고 반발했으며 서울구치소 역시 추후 이와 유사한 상황에서 직권남용 및 불법 체포에 동참할 경우 관련자 전원에 대한 법적 책임을 물을 것이라고 밝혔다. 
































































대리인단은 특검 측이 변호인 접견을 위해 모포로 신체를 가리며 변호인과 협의할 것을 요청했으나 특검은 모포로 신체를 가리며 변호인과 협의할 것을 요청했으나 특검은 요청을 무시하고 당시의 민망한 상황을 법적 근거 없이 임의로 촬영하기까지 했다고 주장했다.







그러나 특검은 변호인이 선임계를 제출하지 않았다며 협의를 거부했고, 자체 논의를 하겠다며 수용거실에서 물러났다며 이후 윤 전 대통령은 당일 오전은 변호인 접견도 불가능할 것이라 생각하고 잠시 수의를 벗은 것이라고 부연

대리인단은 한참 지난 후 특검 측이 다시 찾아와 체포에 응할 것을 요청했다며 속옷 차림에 당황한 윤 전 대통령은 모포로 신체를 가리며 변호인과 협의할 것을 요청했으나 특검",특검팀  윤석열 전 대통령 측 주장 반박,0,2,,False,,
2271,"정청래 ""검찰 언론 사법개혁 전광석화처럼 끝내겠다""","더불어민주당 정청래 대표는 4일 국회에서 최고위원회의를 개최한 자리에서 검찰·언론·사법개혁 특별위원회 위원장으로 민형배, 최민희, 백혜련 의원을 임명하였으며 검찰·언론·사법개혁 특별위원회 위원장으로 민형배, 최민희, 백혜련 의원을 임명하였다. 

































































































",정청래 대표  3대 개혁 특위 가동,0,2,,False,,
2407,'조국 사면' 李대통령 결단만 남았다 심사 포함은 사실상 '사면 수순',"사면권을 행사하는 이재명 대통령의 최종 결단만 남은 조국 전 조국혁신당 대표가 사실상 사면·복권 될 것으로 보이는데, 정치권 관계자들은 사면 가능성을 상당히 높게 평가했고, 사면심사위원회 심사 대상 명단에 올랐다는 자체만으로도 사면될 것이라는 예상에 무게가 실리면서 사실상 사면·복권 될 것으로 보인다고 전했다. 












































































































































































 대한민국의 사면 여부에 대해 신중하면서 말을 극도로 아끼는 청와대
























 대한민국의 사면 관련 질문에 ""오늘 일단 사면위가 열리고 나서 어떤 사면 대상자들이 있는지 알 수 있다""고 의미하는

",조국 전 대표 광복절 특사 심사 착수,0,2,,False,,
2567,윤희숙 “‘계엄 반성 충분하다’ 국민 23%뿐 전한길 끌어들인 의원들에 책임 물어야”,"국민의힘 윤희숙 여의도연구원장이 12일 페이스북에 당내 전당대회를 둘러싼 갈등의 본질을 ‘혁신 세력’과 ‘윤어게인 세력’ 간 대립으로 규정하며 혁신 후보들에 대한 지지를 공개하였다. 































































































































































































































































",윤어게인 세력 비판하며 사퇴 선언,0,2,,False,,
2591,“떼려야 뗄 수 없는 나라” 베트남과 밀착하는 李정부,"12일 서울 중구 롯데호텔에서 열린 한-베트남 비즈니스 포럼에서 양국 민간기업, 기관 간 총 52건의 양해각서를 체결하고 산업협력, 에너지, 식품·관광 등 분야에서 양국이 경제협력 기반을 마련하는 계기가 됐다는 평가를 받으며 베트남과 접촉면을 넓히고 있다. 

































































































",한-베  조선·항공·AI·금융 등 전방위 협력 강화,0,2,,False,,
2604,"이 대통령 ""국가 재정 취약 빌려서라도 씨 뿌려야""","이재명 대통령은 국가 재정 운용 방향과 관련해 국채 발행 등의 방식으로 재원을 마련하고 이를 토대로 적극적인 재정 지출을 하는 확장재정 기조에 무게를 실은 메시지로 해석되며 국채 발행 등의 방식으로 재원을 마련하고 이를 토대로 적극적인 재정 지출을 하는 확장재정 기조에 무게를 실은 메시지로 해석된다. 



",이재명 대통령  확장 재정 필요성 강조,0,2,,False,,
2634,"송언석, 국민의힘 당사 압수수색에 ""극악무도한 야당탄압""","송언석 국민의힘 비상대책위원장 겸 원내대표는 13일 대전 배재대학교에서 열린 충청·호남권 합동연설회를 앞두고 긴급 기자회견을 열어 ""이재명 정권의 극악무도한 야당 탄압과 정치보복에 분노를 금할 수 없다""고 말했다. 


































































































",송언석  국힘 당사 압수수색에 “전당대회 방해 깡패짓”,0,2,,False,,
2752,"안철수 '광복절 사면' 조국에 이례적 ""땡큐"" 왜?","안철수 국민의 국민의힘 당대표 후보가 지난 15일 제80주년 광복절 경축식에서 조국 전 조국혁신당 대표와 윤미향 전 의원의 사면 반대 플래카드를 들어 보이며 항의한 것에 대해 조국 전 조국혁신당 대표를 향해 이례적으로 감사한 마음을 표하며 SNS에 '땡큐 조국! 더욱 가열차게 활동해주십시오'라는 제목의 글을 올리기도 하였다. 



















































































































































































































",안철수  이재명 지지율 하락에 사면 영향 지적,0,2,,False,,
2912,"‘검찰청’, 9월 25일 역사의 박물관으로","더불어민주당은 검찰개혁에 대해 검찰청 폐지와 공소청, 중대범죄수사청 설립을 담은 정부조직법 개정안을 9월 내 본회의에서 처리하겠다고 밝혔다. 



















































































",더불어민주당  검찰개혁 법안 추진,0,2,,False,,
2919,"상법 노란봉투법 강행 與, ‘배임죄 완화’ 유화책 경제계 달래기","더불어민주당은 '경제형벌 민사책임 합리화 태스크포스(TF)'를 출범시키고, 기업의 배임죄 완화 등 경제형벌 완화를 검토할 계획이다. 



















































민주당은 21일 오전 서울 여의도 국회에서 열린 민주당 정책조정회의에서 ""배임죄 등 경제형벌의 합리화를 적극 추진하겠다""며 기업의 경영 활동에 대한 형사 책임을 줄이겠다고 밝혔는데, 구체적으로 TF는 배임죄, 직권남용죄, 업무방해죄, 허위사실유포죄 등 형법상 처벌 규정을 다듬고 징벌적 손해배상, 집단소송, 한국형 디스커버리(증거 개시) 제도 등 민사 책임을 높이는 제도 도입을 논의하였다.



민주당은 ""과거 군사독재 권위주의 정권 시절에 법을 만들 때마다 관행적으로 형벌조항이 남발됐다""며 ""특히 배임죄는 직권남용, 업무방해, 허위사실 유포 등과 결합해 기업과 행정, 경제적 약자에 대한 압박 도구로 악용돼 왔다""고 지적했다.","김병기 ""배임죄 등 경제형벌 합리화 추진""",0,2,,False,,
2937,"대통령실 ""공공기관장-대통령 임기 일치시켜야 여야 지혜 모아주길""","청와대는 21일 공공기관장의 임기를 대통령 임기와 일치시키는 것이 바람직하다는 입장을 밝히며 소모적인 논쟁을 끝낼 수 있도록 국회에서 여야 대화로 지혜를 모아줄 것을 간곡히 요청했다.                                                                                                                                                                                     



그는 ""특히 계엄과 대통령 탄핵의 혼란을 틈타 임명된 공공기관장에 대한 문제는 심각하게 바라봐야 한다""며 ""국회의 탄핵안 가결 후에도 53명의 기관장이 임명됐고 이 가운데서도 22명은 윤석열 전 대통령의 파면 이후에 임명됐다""고 밝혔다.

그러면서 ""탄핵으로 위헌적 계엄을 처벌한 국민 의지에 정면으로 도전하는 일",대통령실 “공공기관장 임기  대통령과 일치시켜야”,0,2,,False,,
3004,"한미 정상회담 앞두고 ""민 관 한마음 한뜻"" 대통령실 재계 총수 총출동","한미 정상회담을 앞두고 삼성과 SK, LG 등 재계 총수들도 미국으로 총출동해 민간 분야 사절단으로서 측면 지원에 합의한 가운데 강훈식 대통령 비서실장은 ""한 사람이라도 더 만나고 한 마디라도 더 설득할 수 있다면 마땅히 제 역할과 도리를 해야겠다고 생각""해서 미국을 방문하게 됐다고 밝혔다.

일본 방문을 마친 이재명 대통령과 김용범 정책실장, 위성락 안보실장 등 수행단이 방미 일정을 진행 중인 점을 고려하면 대통령실 3실장이 모두 순방에 동참한 것은 이례적이어서 회담 의제를 둘러싼 협상이 난관에 봉착한 게 아니냐는 관측이 나오지만 강훈식 실장은 ""난관이라는 표현보다는 총력을 다하고 있다고 이렇게 이해해 주는 게 더 옳은 표현""이라고 말했다. 

강 실장은 ""이번 한미 정상회담은 매우 중요하다. 민(民)과 관(官)이 한마음 한뜻으로 한미 정상회담 성공을 위해 노력하고 있다""고 했다.",한미 정상회담 총력전 준비,0,2,,False,,
3141,"트럼프가 반한 李대통령 펜, 탁현민 “기분 좋다” 왜?","청와대 의전비서관을 지낸 탁현민 국회의장 행사기획 자문관은 26일 자신의 사회관계망서비스(SNS)에 “대통령의 서명 전용 펜이 만들어진 것은 남북정상회담 이후였던 것으로 기억한다”며 문재인정부에서 대통령 서명 전용 펜을 만들게 된 배경을 밝히며 문재인정부의 유산이 도움이 된 것 같아 기분이 좋다고 전했다. 






































































































































































































































",서로의 손 잡은 한미 정상,0,2,,False,,
3289,국회 찾은 조국 “국힘 깨부수는 망치선 돼야” 2일부터는 TK행,"조국 조국당 혁신정책연구원장은 1일 국회에서 열린 당 최고위원회의에 광복절 특별사면으로 풀려난 뒤 처음으로 참석해 민생개혁, 정치개혁, 인권개혁 등 3대 개혁을 제시하며 민생개혁, 정치개혁, 인권개혁 등 3대 개혁을 추진하겠다고 밝혔다. 





































































































",조국 “혁신당은 극우본당 국힘 깨부수는 망치선 돼야”,0,2,,False,,
3315,"이 대통령, '더 센' 상법 개정안, 노란봉투법 의결","이재명 대통령이 2일 국무회의에서 기업과 재계 반발이 거센 2차 상법 개정안과 '노란봉투법'을 의결하였는데, 이 두 법의 목적은 기업 경영의 투명성을 강화하고 노사상생을 촉진해 전체 국민경제의 발전을 뒷받침하는 데 있다”며 “노사를 포함해 시장 참여자 모두가 상호 존중과 협력의 정신을 발휘해야 한다”고 말했다. 

























































































































",이재명 대통령  상법·노란봉투법 국무회의 의결,0,2,,False,,
3318,"李 ""교각살우 안 돼"" 상법 노란봉투법 의결 뒤 기업 달래기","국가명 국가명 대통령은 2일 국무회의에서 2차 상법 개정안과 노란봉투법으로 불리는 노동조합법 개정안을 심의·의결했으며 이 법의 목적은 기업 경영의 투명성을 강화하고 노사 상생을 촉진해 전체 국민경제의 발전을 뒷받침하는 데 있다고 밝혔다. 








































































이 대통령은 두 법률 개정에 대해 “기업이 있어야 노동자가 존재할 수 있고 노동자 협력이 전제돼야 기업도 안정된 경영 환경을 누릴 수 있다”고 강조했다.",이재명 대통령  상법·노란봉투법 국무회의 의결,0,2,,False,,
3335,"윤석열 ‘속옷 저항’ CCTV 논란에...국힘, “모든 국민이 보자” 파격 제안","서울구치소에 수감 중인 윤석열 전 대통령이 속옷 차림으로 체포에 저항하는 폐쇄회로(CC)TV 영상을 더불어민주당 의원들이 열람하고 내용을 발표한 가운데, 신동욱 최고위원은 2일 SBS라디오 ‘김태현의 정치쇼’에 출연해 “민주당 의원들은 영상을 보면서 왜 국민들에게는 안 보여주나”라고 반문하며 “이게 국민 알권리 충족인가”라고 운을 뗐다”라고 말했다. 



























































































































",신동욱 구치소 국힘 공개 판단 국민 ,0,2,,False,,
3584,"정청래 ""내란청산, 정치보복아냐 시대적 과제이자 사명""","더불어민주당 정청래 대표는 9일 이재명 정부 첫 정기국회 교섭단체 대표연설에서 ""내란 청산은 정치 보복이 아니다""라며 ""내란 청산은 오늘을 살아가는 우리의 시대적 과제이자 시대적 사명이자 시대정신""이라고 말했다. 





































































리즈는 ""국민의힘은 내란과 절연하고 내란의 늪에서 빠져나오라. 그리고 국민에게 '우리가 잘못했다'고 진정어린 사과를 하라""며 ""이번에 내란 세력과 단절하지 못하면 위헌정당 해산심판의 대상이 될지도 모른다.",정청래 대표  내란 청산 및 북한 협력 강조,0,2,,False,,
3594,"이 대통령, 구금 사태에 “큰 책임감  부당한 침해 다시는 재발 않길” 첫 공개 발언","9일 미국 이민당국의 한국인 구금 사태에 대해 이 대통령은 ""한·미 양국의 동반 발전을 위한 우리 국민과 기업 활동에 부당한 침해가 가해지는 일이 다시는 재발하지 않길 바란다""며 미국에 우회적으로 불만을 드러냈고, 이 대통령은 ""한·미 양국의 동반 발전을 위한 우리 국민과 기업 활동에 부당한 침해가 가해지는 일이 다시는 재발하지 않길 바란다""고 말했다.  

이 대통령은 모두발언에서 노동조합 조합원 자녀의 우선 채용권도 문제 삼았다. 

이 대통령은 “한·미 양국의 동반 발전을 위한 우리 국민과 기업 활동에 부당한 침해가 가해지는 일이 다시는 재발하지 않길 바란다”고 했다. 

이 대통령은 “우리 정부는 유사 사례가 반복되지 않도록 미국과 긴밀한 협의를 통해 합리적 제도 개선을 추진해 나가겠다”며 “실질적 성과가 나올 수 있도록 상호 신뢰와 동맹 정신에 따라 교섭 노력을 적극적으로 기울여 달라”고 말했다.","美구금사태에 李대통령 ""큰 책임…다시는 재발 않아야""",0,2,,False,,
3623,"[속보]국힘 송언석 ""이재명정부, 한미 후속협상 만전 기해 국익 지켜야""","[머니투데이 정경훈 기자, 이태성 기자] [the300보드










",송언석 국힘 특검 특위 개혁 수사 ,0,2,,False,,
3828,1호 과제는 '대통령 4년 연임' 개헌 개혁과제도 대거 포함,"이재명 대통령이 국무회의에서 ‘대통령 4년 연임제’ 도입을 비롯한 총 123개 국정 과제를 보고 받고 최종 확정한 123대 국정과제 중 1호 안건은 ‘국민이 주인인 나라, 함 행복한 대한민국’이고 2호 안건은 ‘경청과 통합, 공정과 신뢰, 실용과 성과’이며 3번째 안건은 ‘국민이 주인인 나라, 함 행복한 대한민국’이다. 







































































",해수부 3대 국정과제 확정,0,2,,False,,
3917,박지원 “서영교 한 번도 틀린 적 없어 조희대 의혹 특검 수사해야”,"박지원 더불어민주당 더불어민주당 의원은 18일 윤석열 전 대통령 파면 직후 조희대 대법원장이 한덕수 전 국무총리와 만났다는 의혹에 대해 “의혹을 맨 먼저 제기한 서영교 의원은 국회에서 가장 똑똑하고 자료를 갖고 얘기한다”고 말하며 서 의원의 의혹에 신뢰성을 갖는다고 밝혔다. 































































 자유한국당 의원은 지난 5월 “조 대법원장이 이재명 사건이 대법원에 올라오면 바로 처리하겠다고 말했다”는 내용의 제보를 받았다고 말한 바 있고, 같은 당 부승찬 의원도 이달 16일 대정부질문에서 “조 대법원장이 윤석열 전 대통령 파면 직후 한덕수 전 국무총리 등과 만난 자리에서 ‘이재명 사건이 대법원에 올라오면 알아서 처리한다’고 말했다”는 제보를 받았다고 밝혔다.

















박 의원은 “정청래 (민주당) 대표께서도 수사를 촉구했다고 하면, 조 대법원장이 (회동했다고 의혹이 제기된)‘네 분 다 아니다’ 이렇게 얘기했지만 이것은 의혹”이라며 “본인들을 위해서도 특검에서 수사해야 한다”라고 주장하는



박 의원은 “물론 일부에서 청담동 사건처럼 될 수도 있다는 우려도 있지만, 국회의원은 (의혹 제기를) 하는 것”이라며 “우리가 쿠",조희대 대법원장 의혹 둘러싼 정치권 공방,0,2,,False,,
3983,"北, 이번엔 ‘자폭 무인기’ 성능 과시 “위장색 입혀 실전용화 돼”","김정은 국무 위원장의 중국 전승절 참석으로 자신감을 얻은 뒤 연일 핵·무력 능력을 앞세워 한·미를 견제하고 있다.

조선중앙통신은 19일 김 위원장이 전날 무인항공기술연합체 산하 연구소와 기업소에서 개발·생산 중인 무인무장장비 성능 시험을 지도했다고 보도했으며 김 위원장은 전략 및 전술무인정찰기, 다목적 무인기들을 비롯한 각종 무인무장장비들의 성능 및 전투 적용성에 대해 구체적으로 요해(파악)했다고 밝혔다. 

통신은 ""이날 진행된 시험에서는 무인전략정찰기의 군사 전략적 가치와 혁신적인 성능 그리고 '금성' 계열 전술무인공격기들의 우수한 전투적 효과성이 뚜렷이 입증되었다""며 김 위원장이 시험 결과에 크게 만족했다고 밝혔다.

북한 매체에서 '금성'이라는 전술무인공격기 계열명이 등장한 것은 두 종류의 자폭형 무인공격기가 목표물을 타격해 폭발하는 모습이 담인인 모습이 담인인 모습이 담인인 모습이 담인인 오스트 오스트가오리형 날개 기종은 이스라엘제 자폭형 무인공격기 '하롭(HAROP)'과, 십자형 날개 기종은 러시아제 '란쳇(Lancet)-3' 또는 이스라엘 '히어로(HERO) 30'과 각각 외형이 비슷하다.

김 위원장이 무인기 시험 지도를 한 것은 올해 3월 25∼26일에 이어 약 6개월 만이다. 통일부에 따르면 김 위원장은 지난해 8월 24일과 11월 14일, 올해 3월과 이번까지 4회에 걸쳐 무인기 관련 공장",김정은  무인공격기 성능 점검…“AI 기술 도입”,0,2,,False,,
4042,"트럼프 ""커크 적 용납못해"" 커크 아내 ""살인범 용서""","암살된 미국 우파 진영의 청년 활동가 고(故) 찰리 커크의 추모식에 도널드 트럼프 대통령을 필두로 한 행정부 요인들과 보수 진영 주요 정치인들, 그리고 지지자 약 9만명이 운집했으며 트럼프 대통령의 대선 승리에 결정적 역할을 한 것으로 평가하였다. 

트럼프 대통령은 이날 마지막 연설자로 나서 ""찰리의 삶이 주는 교훈은 선한 마음, 의로운 목적, 긍정적 정신, 싸우고 싸우고 또 싸우려는 의지를 가진 한 사람이 무엇을 해낼 수 있는지를 결코 과소평가해선 안 된다는 것""이라며 ""싸워야 한다. 그것이 우리 나라를 구하는 것""이라고 말했다.

트럼프 대통령은 '싸움'의 대상을 자신의 정적인 민주당 인사들, 그리고 커크의 암살 배후로 지목한 '급진 좌파'로 명확히 했다.

트럼프 대통령은 커크가 자란 일리노이주의 최대도시 시카고를 거론하며 ""그가 나에게 했던 마지막 말 중에 하나가 '시카고를 구해달라'는 것이었다""며 ""그렇게 할 것이다. 시카고를 끔찍한 범죄에서 구할 것""이라고 밝혔다.

트럼프 대통령은 이날 마지막 연설자로 나서 ""찰리의 삶이 주는 교훈은 선한 마음, 의로운 목적, 긍정적 정신, 싸우고 싸우고 또 싸우려는 의지를 가진 한 사람이 무엇을 해낼 수 있는지를 결코 과소평가해선 안 된다는 것""이라며 ""싸워야 한다. 그것이 우리 나라를 구하는 것""이라고 밝혔다.

트럼프 대통령은 '싸움'의 대상을 자신의 정적인 민주당 인사들, 그리고 커크의 암살 배후로 지목한 '급진 좌파'로 명확히 했다.

","트럼프 오랜만에 만난 머스크에 ""보고 싶었어""",0,2,,False,,
4043,커크 추모식서 트럼프 “적 용납못해. 시카고 구할 것”...군 투입 시사,"지난 21일 미 애리조나주 글렌데일의 스테이트팜 스타디움에서 열린 추모식에서 도널드 트럼프 미국 대통령이 좌파 세력을 ‘적’으로 규정하며 “싸우겠다(fight)”고 강조했으며 시카고에 대해서도 주 방위군 투입이 멀지 않았음을 시사하였다. 





























트럼프 대통령은 마지막 추모 연설자로 나서 “찰리의 삶이 주는 교훈은 선한 마음, 의로운 목적, 긍정적 정신, 싸우고 싸우고 또 싸우려는 의지를 가진 한 사람이 무엇을 해낼 수 있는지를 결코 과소평가해선 안 된다는 것”이라며 “싸워야 한다. 그것이 우리 나라를 구하는 것”이라고 말했다.","트럼프 오랜만에 만난 머스크에 ""보고 싶었어""",0,2,,False,,
4085,"與, '배임죄 폐지'로 역공 김병기 “野, 친기업 자처하면서 재계 숙원 등 돌려”","더불어민주당이 경제형벌 합리화 조치 중 하나로 배임죄를 폐지하겠다고 공언한 가운데 이재명 대통령이 지난 대선 과정에서 언급했던 내용인 만큼 실질적인 성과를 위해 여야 민생경제협의체에서 이를 다뤄야 한다고 주장하고 있다. 

























































































































































































































































",민주당의 배임죄 폐지 제안에 여야 충돌,0,2,,False,,
4217,"친명 김영진 ""김현지 국감 출석해야 조희대 청문회? 급발진""","김영진 더불어민주당 의원은 25일 MBC라디오 '시선집중'에서 이재명 대통령의 최측근이자 '성남라인'으로 불리는 김현지 대통령실 총무비서관의 국회 국정감사 출석 논란에 대해 국민에 대한 도리이고 국민주권 정부가 지켜야 할 원칙이라며 ""국민의 대표인 국회에 나와서 공직자로서 자기 입장을 표명하는 게 필요하다고 상식적으로 생각한다""고 말했다. 










































 문재인정부 당시 여당 원내수석으로 (야당과 협의할 때) 국정감사의 증인 채택 과정에서 총무비서관이 논란이 됐던 적은 단 한 번도 없었다""며 ""그냥 당연직으로 국정감사의 대상이다. 총무비서관이든 법무비서관이든 정무비서관이든 국민의 대표인 국회에 나와서 공직자로서 자기 입장을 표명하는 게 필요하다고 상식적으로 생각한다""고 밝혔다.







































































위원회는 ""대법원장 청문회라고 하는 것은 대단히 중요한 사안인데, 당내 전체와 지도부와 상의하면서 사전 준비 절차를 잘 거쳐서 그 필요성에 대한 상호 인식과 동의 하에 진행했으면 좋았겠",김영진  여당 강경파 비판,0,2,,False,,
4230,"당정, '무과실' 금융회사에도 보이스피싱 배상책임 물린다","25일 국회에서 국회에서 열린 '보이스피싱 태스크포스(TF) 발대식 및 당정협의'를 마친 민주당 의원은 금융회사의 과실이 없어도 보이스피싱 피해액의 전부나 일부를 배상하도록 하는 방안을 검토중이라고 밝혔다. 






































































































",검찰 사칭 보이스피싱 급증  당정 금융사 무과실 배상제 검토,0,2,,False,,
4308,인천 ‘지원’ 약속한 장동혁 “李 정권 민생에 심각한 구멍”,"장동혁 국민의힘 대표는 29일 인천 자유공원을 찾아 맥아더 동상에 참배하였으며, 인천항 내항 재개발, 경인전철 지하화 등 지원을 약속하며 민생의 최전선으로 빠르게 달려가서 국민의 목소리를 듣고 희망을 만들어내겠다고 밝혔다. 































































































",국민의힘  인천 지역 개발 지원 약속,0,2,,False,,
4327,검찰총장 대행 “검찰 폐지 참담 구성원 의견 수렴 개진 최선”,"노만석 검찰총장 직무대행은 29일 검찰 내부 구성원 전체에게 A4 3장 분량의 서신을 보내 “검찰이 충분한 논의 없이 폐지되는 현실에 매우 참담하고 무거운 책임감을 느낀다”며 “향후 논의에서 구성원들의 의견과 지혜를 충실히 듣고 개진할 수 있도록 최선을 다하겠다”고 밝혔다. 






















































































",노만석 검찰총장 대행  검찰 폐지 관련 입장 발표,0,2,,False,,
4367,"이 대통령 “검찰, 마음에 들지 않으면 기소해 고통주고 자기편이면 봐준다”","이 대통령은 30일 국무회의를 주재하고 검찰청 폐지를 골자로 하는 정부조직법 개정안 공포안을 의결하였는데, 검찰청 폐지를 골자로 하는 정부조직법 개정안 공포안을 의결하였는데, 검찰청 폐지를 골자로 하는 정부조직법 개정안 공포안을 의결하였는데, 검찰청 폐지를 골자로 하는 정부조직법 개정안 공포안을 의결하였는데, 검찰청 폐지를 골자로 하는 정부조직법 개정안 공포안을 의결하였는데, 검찰청 폐지를 골자로 하는 정부조직법 개정안 공포안을 의결하였는데, 검찰청 폐지를 골자로 하는 정부조직법 개정안 공포안을 의결하였는데, 이 대통령은 “한참 돈 들이고 생고생해서 무죄를 받았지만 (검찰이) 또 상고해 대법원까지 가 돈을 엄청나게 들여 무죄는 났는데 집안이 망한다”며 인정하지
이 대통령은 “형사소송법은 10명의 범인을 놓치더라도 1명의 억울한 사람을 만들면 안 된다는 것이 기본”이라며 “유죄일까 무죄일까 (의심스러우면) 무죄로 하라는 것 아니냐”고 말했다.",이재명 대통령  검찰청 폐지 등 4대 법안 국무회의 통과,0,2,,False,,
4635,"[속보] 정청래 “상기하자 조희대 난 검찰만행, 잊지말자 노무현 대통령 죽음”","정청래 더불어민주당 대표는 지난 9월 30일 민주당 주도로 열린 국회 법제사법위원회의 ‘대선개입 의혹’ 청문회에 조희대 대법원장이 ‘증인 불출석 의견서’를 내고 출석하지 않은 것을 비판한 발언으로 사법개혁과 검찰개혁 필요성을 역설하였다. 































































































































또한 정부조직법의 국회 통과로 ‘검찰청 해체’ 소식을 추석 전에 듣게 하겠다는 약속을 지킨 만큼 검찰개혁 후속 과제를 차질 없이 추진하겠다는 정 대표의 의지가 담긴 것으로 밝혔다.









그는 또 “검찰개혁의 마무리 작업, 사법개혁안, 가짜 조작 정보로부터 국민의 피해를 구제하는 개혁안을 추석 연휴 이후 발표하겠다”고 밝혔다.


그는 또 “상기하자 12·3 비상계엄, 잊지 말자 노상원 수첩”이라고 덧붙













",정청래 대표  사법개혁 필요성 강조,0,2,,False,,
4664,"박수현 “개혁 발목 잡는 국힘, 독버섯처럼 올라와”","더불어민주당이 추석 연휴 동안 이재명 대통령을 향해 공세 수위를 높이는 국민의힘을 향해 “독버섯처럼 고개를 쳐들고 올라오고 있다”고 밝히면서 박지원 수석대변인은 “청산과 개혁을 담대하게 추진하되 국민의 목소리에 발을 딛고 민생을 챙겨가며 연내에 신속하게 (개혁을) 마무리 짓겠다”고 밝혔다.









































서로 서로 대립하는 말 같지만, 서로 대립하는 말 같지만, 청산과 개혁을 하지 말라는 말씀은 아니다”라고 설명하며 이재명 정부 출범부터 지금까지의 정국을 ‘개혁 대 반개혁’으로 규정한 박 수석대변인은 “개혁의 방향과 목표 지점을 정확히 하면서도 국민께서 피로감을 느끼시지 않고 정권 교체의 효용성을 체감할 수 있게 하겠다”며 “청산과 개혁을 담대하게 추진하되, 국민의 목소리에 발을 딛고 민생을 챙겨가며 연내에 신속하게 (개혁을) 마무리 짓겠다”고 밝혔다.
그러면서 박 수석대변인은 “연휴 동안 정치가 쉬었으니 이제 밥값 하는 정치를 하자”며 연휴 직후 국회 본회의를 열어 70여개의 비쟁점 민생법안부터 처리하자고 국민의힘에 아줌서보미 기자 spring@hani.co.kr",연휴 후 본회의 중요성 강조,0,2,,False,,
4776,"김은혜 ""반중 시위 ‘혐오’라고 호들갑, 반미 시위 모른 척 역차별 바로잡겠다""","국민의힘이 중국인의 ‘의료·선거·부동산 3대 쇼핑’ 방지 법안을 마련, 당론으로 추진하겠다는 방침을 밝히며, 국민의힘 김은혜 원내정책수석부대표는 10일 국회에서 열린 국정감사 대책회의에서 “우리 국민은 해외에서 건강보험 혜택도, 선거권도, 부동산 거래 자유도 제대로 누리지 못한다”며 ""그런데 우리 땅을 밟는 외국인, 중국인들은 제도의 빈틈을 파고들어서 의료 쇼핑, 선거 쇼핑, 부동산 쇼핑 등 이른바 3대 쇼핑 중”이라고 말했다. 










































































































































































































",국민의힘  '중국인 3대 쇼핑' 방지법 추진,0,2,,False,,
4794,"김정은, 중러 2인자 앞에서 “풍요롭고 아름다운 사회주의 낙원 만들 것”",,"김정은 ""세상에서 가장 훌륭한 낙원 세울 것""",0,2,,False,,
4829,"장동혁 ""민중기 김현지 봉욱 국감장 세울 것""","장동혁 국민의힘 대표는 최고위회의에서 민중기 특별검사, 김현지 대통령실 제1부속실장, 봉욱 민정수석을 반드시 국정감사장에 세우겠다고 밝히며 국감을 통해 특검의 정치권력의 폭주, 행정 권력의 은폐, 사법 권력의 남용을 철저히 파헤치겠다며 국감을 통해 특검의 정치권력의 폭주, 행정 권력의 은폐, 사법 권력의 남용을 철저히 파헤치겠다고 강조했다.",국민의힘  국정감사 초반 쟁점화 전략 강화,0,2,,False,,
4927,"이 대통령 ""게임산업, '4대 중독' 규제로 중국에 추월 당해""","게임 '배틀그라운드'를 개발사인 크래프톤의 PUBG(펍지) 스튜디오를 방문한 김정명 대통령은 게임 산업 종사자들의 과도한 노동시간과 게임 산업 종사자들의 과도한 노동시간을 언급하며 ""좋은 일자리가 되게 만들어야 한다""고 말했다. 



































































































































































게임 산업 종사자들의 과도한 노동시간도 언급했다.",이 대통령 “게임 산업 고용 청년들 인권 보장해야”,0,2,,False,,
5089,오세훈 “한강버스 안전 문제 없어...2~3년 내 흑자”,"지난달 정식운항을 개시한 한강버스는 열흘여만에 고장 등으로 시민탑승 운항을 중단한 상태인데 오세훈 서울시장이 20일 한강버스 재정구조와 관련해 ""한강버스 수익구조가 파산할 것을 전제로 얘기하는데 절대로 적자 날 사업이 아니다""라고 밝혔다. 

































































































","서울시 국감 與 '한강버스' 맹공…오세훈 ""문제 없다""",0,2,,False,,
5102,‘경찰개혁’ 강조한 이 대통령 “권한 늘어나면 국민 삶 나아지는지 질문에 응답해야”,"이 대통령은 21일 경찰개혁에 따른 경찰의 비대화 우려를 불식하기 위해 경찰 내부 혁신과 민주적 통제를 강조한 ‘섬세하고 실질적인 개혁’의 연장선으로 보인다고 밝혔다. 



















































































































",경찰 권한과 국민 신뢰 논의,0,2,,False,,
5125,“나 긁혔다” 최민희의 눈물 국감 기간 딸 결혼식 논란에 결국,"더불어민주당 소속 최민희 국회 과학기술정보방송통신위원회(과방위) 위원장이 딸 결혼식 관련 논란에 대해 해명하는 과정에서 눈물을 쏟으며 “기업이나 피감기관에 청첩장을 전달한 사실이 전혀 없다”고 항변하였다. 













































































































",최민희 과방위원장 딸 결혼식 논란,0,2,,False,,
5212,"이 대통령 ""사정기관 권한남용, 국가질서 어지럽혀...엄정 단죄""","이재명 대통령은 23일 용산 대통령실에서 주재한 수석보좌관회의에서 최근 국정감사에서 지적된 일부 사정기관 공직자들의 비위 의혹과 관련해 ""누구보다 공명정대해야 할 사정기관이 명백한 불법을 덮거나 없는 사건을 조작하며 국가질서를 어지럽히고 사적 이익을 취하고 있다""며 사정기관의 공적 권한 남용을 강하게 질책하며 법과 원칙에 따른 엄정한 단죄를 당부했다. 

이 대통령은 ""모든 공직자의 권한은 주권자의 통제와 감시 아래 공정하고 정당하게 행사돼야 한다""며 ""특히 사정기관의 공직자야말로 사회 질서를 지키는 최후의 보루""라고 했다.",이재명 대통령  사정기관 비위 의혹 엄정 대처 지시,0,2,,False,,
5332,‘깜깜이’ 소비자보호 평가 도마 위 이찬진 “제도 대폭 개선” [2025 국감],"이찬진 금융감독원장이 국정감사에서 금융소비자보호 평가의 형식화와 불투명성이 도마 위에 오르자, 자율진단 기준을 세분화하고 조직을 재정비해 내년부터 가시적 개선 성과를 내겠다고 밝혔다. 

























































































































",이찬진 금감원장  금융소비자 보호 및 불건전 영업행위 개선 검토,0,2,,False,,
5362,"박수현 의원, ""죄있는 자 돌로쳐라"" 최민희 두둔","더불어민주당 수석대변인인 박수현 의원은 국회 과학기술정보방송통신위원장인 같은 당 최민희 의원의 여혼 관련 축의금 문제를 두둔하며 야당의 비판에 대해 ""그 정도 했으면 되지 않았느냐""리고 밝혔다.

박 의원은 SNS에 최 의원이 피감기관으로부터 받은 축의금을 반환하는 것을 거론하며 '최 의원을 보면서 부끄러웠다. 최 의원처럼 이해충돌 축의금을 골라내지도 못했고 돌려줄 용기는 엄두조차 못 냈다'라고 말했다. 























































",박수현  최민희 축의금 논란 두둔,0,2,,False,,
5366,"'딸 축의금 논란' 최민희 ""다시 노무현 정신으로 무장할 때 깨시민!""","최민희 국회 과학기술방통신위원장은 28일 자신의 사회관계망서비스(SNS)에 ‘노벨 생리의학상과 노무현 정신, 그리고 깨시민!’이라는 제목의 글을 올려 ‘악의적 허위조작 정보’를 암세포, 이를 막는 조절 T세포를 ‘깨어있는 시민의 힘’과 ‘노무현 정신’에 빗대 설명하며 ‘암세포만을 공격해야 하는 우리 몸 면역세포들은 언제나 적과 나를 똑똑하게 구별해 선별적으로 공격해야 한다”면서 “때로 면역세포들은 판단력을 잃고 내 몸 건전한 세포를 공격하는데 요게 자가면역질환이라고 한다”고 말했다. 


그는 이어 ""기존 항암제는 피아구분이 불가능했고 강력한 독성 물질로 암세포를 공격해 파괴하는데 이때 내 몸 세포도 함께 망가진다""고 밝혔다.


그러면서 ""어떤 조건에서는 교활한 암세포들이 내 몸 세포로 위장하고 조절T 세포를 유혹한다. 암세포에 세뇌당한 조절T세포는 면역세포들로부터 암세포를 방어해주고 암세포는 무럭무럭 자라게 된다""며 ""바로 요 지점에서 만일 암세포의 위장에 세뇌당한 조절T 세포의 혼미를 막아 면역세포들이 암세포만을 공격하게 만든다면 어떨까. 이런 극암제가 나왔다면 혹은 나온다면 암은 정복될 수 있지 않을까""라고 말했다.


그는 이어 ""기존 항암제는 피아구분이 불가능했고 강력한 독성 물질로 암세포를 공격해 파괴하는데 이때 내 몸 세포",박수현  최민희 축의금 논란 두둔,0,2,,False,,
5540,"장동혁 ""내년 지선은 제2의 건국전쟁 서울서 성패 결정""","장동혁 국민의힘 대표가 31일 서울 강남구 SETEC 컨벤션센터에서 열린 서울시당 당협위원장 및 선출직 공직자 워크숍에 나와 내년 6·3 지방선거와 관련해 ""제2의 건국 전쟁이자 체제 전쟁""이라며 최대 승부처인 서울을 반드시 승리해 대한민국을 견인하는 선구자가 될 것이라고 격려했다. 















































































































































































(김현지 대통령실 제1부속실장을 두고는 “‘애지중지 현지 뭐지’라는 말이 인터넷에 떠돈다. 도대체 어떤 사람이고 어느 학교를 나오고 과거 어떤 일을 했는지 알려지지 않은 사람이 대통령실의 모든 걸 뒤에서 흔든다”며 이른바 ‘비선 실세’라고",국민의힘  내년 지방선거를 체제전쟁으로 규정,0,2,,False,,
4515,"장동혁 ""절대 존엄 '김현지' 보호 위해 이진숙 수사기록 조작 즉시 석방하라""","장동혁 국민의힘 대표는 이진숙 전 방송통신위원장이 경찰에 체포된 것에 대해 수사기록에 버젓이 불출석 사유서까지 첨부되어 있었는데도 검사가 체포영장을 청구하고, 판사가 영장을 발부한 것이라면 이미 대한민국의 사법시스템은 완전히 무너진 것이라며 엄중한 범죄라고 주장했다. 































































 변호사는 ""만약 경찰이 체포영장을 신청할 때도 그 사실을 쏙 뺀 것이라면 이것은 심각한 범죄""라고 밝혔다.















그러면서 ""만약 경찰이 체포영장을 신청할 때도 그 사실을 쏙 뺀 것이라면 이것은 심각한 범죄""라고 밝혔다.





















그러면서 ""변호인이 체포적부심사를 청구한다고 했으니 곧 진실이 밝혀질 것""이라고 했다.











그러면서 ""변호인이 체포적부심사를 청구한다고 했으니 곧 진실이 밝혀질 것""이라고 에피



















그러면서 ""변호인이 체포적부심사를 청구한다고 했으니 곧 진실이",이진숙 전 위원장 체포적부심 진행,2,0,,False,,
4552,"장동혁 ""李 정권이 무너뜨린 민생, 국힘이 바로 세울 것""","국민의힘은 6일 추석을 맞아 페이스북을 통해 이재명 정권이 무너뜨린 나라와 민생을 국민의힘이 바로 세우겠다며 이재명 정권의 총체적 무능과 무책임을 국민이 더는 용납하지 않을 것이라고 밝혔다. 























































































































",국민의힘  추석 맞아 이재명 정권 비판,2,0,,False,,
4555,"민주당 ""국힘의 거짓 선동과 분열의 정치에 단호히 맞서겠다""","더불어민주당은 추석에도 국민의힘은 끝내 정쟁을 멈추지 않았다며 국민 통합과 민생회복은 뒷전이고 대통령 부부의 방송 출연까지 트집잡으며 오직 대통령 흠집 내기와 거짓 선동에 매달렸으며 K-푸드와 K-콘텐츠를 세계에 알리기 위한 문화외교의 일환이라고 밝혔다. 


































































",국민의힘  추석 맞아 이재명 정권 비판,2,0,,False,,
4556,"與, ""단순 예능 아니라 K-푸드 세계에 알리려는 문화외교""","더불어민주당은 6일 국민의힘을 향해 정쟁과 거짓 선동에 몰두한 국민의힘, 국민 분열을 부추기는 극우 정당은 국민의 심판을 받을 것이라고 맹비난하였다. 

이날 백승아 원내대변인은 서면브리핑에서 ""민족의 큰 명절인 추석에도 국민의힘은 끝내 정쟁을 멈추지 않았다""며 이같이 밝혔다.

백 원내대변인은 ""국민 통합과 민생 회복은 뒷전이고 대통령 부부의 방송 출연까지 트집 잡으며 오직 대통령 흠집 내기와 거짓 선동에 매달렸다""고 말했다.

그는 ""이번 방송은 단순한 예능이 아니라 오는 11월 경주에서 열리는 아시아태평양경제협력체(APEC) 정상회의를 앞두고 K-푸드와 K-콘텐츠를 세계에 알리기 위한 문화외교의 일환""이라고 말했다.

백 원내대변인은 ""국민의힘은 방송 출연을 두고 '48시간 실종설'까지 제기했지만 이는 명백한 허위""라고 밝혔다.

그는 ""대통령은 국정자원관리원 화재 발생 등 긴박한 상황 속에서도 비상대책회의와 중대본 회의를 직접 주재하며 사태를 진두지휘하고 현장 점검과 재발 방지 논의를 이어가면서도 국민에게 친근하게 다가가고 K-푸드 홍보를 위한 방송을 준비했다""고 밝혔다.

이어 ""인수위도 없이 출범한 이재명 정부를 향해 '독재정권, 당선 무효' 운운하며 장외투쟁까지 나선 국민의힘의 행태는 국가 위기 앞에서도 정쟁만 일삼은 극우 정치의 전형""이라고 밝혔다.

그러면서 ""명절에도 분열과",국민의힘  추석 맞아 이재명 정권 비판,2,0,,False,,
4558,"與 ""국힘, 분열 부추기는 극우정당 대통령 흠집내기만 몰두""","더불어민주당은 6일 국민의힘이 이재명 대통령 부부의 '냉장고를 부탁해' 예능 프로그램 출연을 비판한 것을 두고 국민 통합과 민생 회복은 뒷전이고, 대통령 부부의 방송 출연까지 트집 잡으며 오직 대통령 흠집 내기와 거짓 선동에 매달리고 있다며 공세를 이어가고 있다. 











































































































































































































































",여야  추석 메시지 공방,2,0,,False,,
4559,"민주 “국힘, 분열 부추기는 극우정당 국민의 심판 받을 것”","더불어민주당은 6일 국민의힘이 이재명 대통령 부부의 ‘냉장고를 부탁해’ 예능 프로그램 출연을 비판한 것을 두고 국민 통합과 민생 회복은 뒷전이고, 대통령 부부의 방송 출연까지 트집 잡으며 오직 대통령 흠집 내기와 거짓 선동에 매달리고 있다며 국민의힘을 향해 “국민 분열을 부추기는 극우정당은 국민의 심판을 받을 것”이라고 밝혔다.
백승아 민주당 원내대변인은 이날 오후 서면 브리핑을 통해 “민족의 큰 명절인 추석에도 국민의힘은 끝내 정쟁을 멈추지 않았다”며 이같이 밝혔다.
백 원내대변인은 국민의힘이 이재명 대통령 부부의 ‘냉장고를 부탁해’ 예능 프로그램 출연을 비판한 것을 두고 “국민 통합과 민생 회복은 뒷전이고, 대통령 부부의 방송 출연까지 트집 잡으며 오직 대통령 흠집 내기와 거짓 선동에 매달리고 있다”고 말했다. 
그는 국민의힘이 이 대통령을 겨냥해 제기한 ‘48시간 실종설’에 대해선 “명백한 허위”라며 “대통령은 국가정보자원관리원 화재 발생 등 긴박한 상황에서 사태 수습을 진두지휘하면서 현장 점검과 재발 방지 논의를 이어갔다”고 추신수는그러면서 “이 대통령은 이와 동시에 국민에게 친근하게 다가가고 K푸드를 홍보하기 위해 방송을 준비한 것”이라고 밝혔다.
백 원내대변인은 “국민의힘의 행태는 국가 위기 앞에서도 정쟁만 일삼는 극우 정치의 전형”이라며 “민주당은 민생과 개혁, 진실과",여야  추석 메시지 공방,2,0,,False,,
4561,"민주당 “대통령 흠집내기 거짓 선동 매달리는 국힘, 심판 받을 것”","민주당 원내승 원내대변인은 6일 서면 브리핑에서 추석에도 국민의힘은 끝내 정쟁을 멈추지 않았고 대통령 부부의 방송 출연까지 트집 잡으며 오직 대통령 흠집 내기와 거짓 선동에 매달리고 있다며 이 대통령을 겨냥해 제기한 ‘48시간 실종설’에 대해서도 명백한 허위라며 맞섰다.                                                           자유한국당 백승아 민주당 원내대변인은 서면 브리핑에서 “민족의 큰 명절인 추석에도 국민의힘은 끝내 정쟁을 멈추지 않았다”며 “국민 통합과 민생 회복은 뒷전이고, 대통령 부부의 방송 출연까지 트집 잡으며 오직 대통령 흠집 내기와 거짓 선동에 매달리고 있다”고 말했다.",여야  추석 메시지 공방,2,0,,False,,
4637,"조국 ""지금은 '관세 팬데믹' 상황 국회 초당적 대처 나서야""","조국혁신당 비상대책위원장은 7일 페이스북을 통해 한미 관세협상과 관련하여 여야 대표 간 초당적 대처를 촉구하며 이재명 대통령과 정부는 미국 트럼프 정부의 일방적인 요구에 맞서 어렵게 협상하고 있다고 설명하며 ""국회가 대통령과 정부를 제대로 뒷받침하지 못하고 있다""고 우려하며 여야 대표 간 초당적 대처를 해야 한다고 촉구했다. 























































































",조국 비대위원장  미 관세 압박에 초당적 대응 촉구,2,0,,False,,
5428,"서울시 ""민주당의 한강버스 발목잡기, 무책임한 정치공세""","더불어민주당 의원들이 제기한 한강버스 101호선이 야간 운항 훈련 중 부표와 경미하게 접촉하는 사고가 발생해 사고 보고를 받은 미래한강본부는 즉시 사고 선박과 부표 점검과 사고 경위 파악을 지시하는 등 필요한 후속 조치를 신속하게 완료했다고 설명하였으며, 더불어민주당 의원들이 제기한 한강버스 충돌 은폐 의혹과 관련해 서울시는 무책임한 정치공세라고 반박하였으며, 더불어민주당을 향해 한강버스 사안을 침소봉대하여 시민의 발을 정치의 희생양으로 삼는 행태를 즉각 중단해야 한다고 촉구했다.","與 ""한강버스  시범운행 중 부표와 충돌…은폐 의혹도""",2,0,,False,,
